Iteration,log_10 Error
0.000000,4.026002
1.000000,3.398658
2.000000,2.397087
3.000000,0.575743
4.000000,-3.882265
5.000000,-7.638213
6.000000,-15.153516
7.000000,-30.193176
